temperature,CH3CHO,C2H3CHO,CYC5H8,CPT,CPTYO12
500,1.39E-19,1.56E-16,1.31E-10,5000,6.27E-12
501,1.80E-19,1.97E-16,1.50E-10,5000,7.13E-12
502,2.34E-19,2.47E-16,1.71E-10,5000,8.11E-12
503,3.02E-19,3.10E-16,1.95E-10,5000,9.22E-12
504,3.91E-19,3.90E-16,2.22E-10,5000,1.05E-11
505,5.05E-19,4.89E-16,2.53E-10,5000,1.19E-11
506,6.51E-19,6.13E-16,2.88E-10,5000,1.36E-11
507,8.39E-19,7.69E-16,3.29E-10,5000,1.55E-11
508,1.08E-18,9.63E-16,3.75E-10,5000,1.76E-11
509,1.39E-18,1.21E-15,4.29E-10,5000,2.01E-11
510,1.79E-18,1.51E-15,4.90E-10,5000,2.29E-11
511,2.29E-18,1.89E-15,5.60E-10,5000,2.61E-11
512,2.95E-18,2.37E-15,6.40E-10,5000,2.98E-11
513,3.78E-18,2.97E-15,7.33E-10,5000,3.41E-11
514,4.85E-18,3.72E-15,8.41E-10,5000,3.91E-11
515,6.22E-18,4.66E-15,9.65E-10,5000,4.47E-11
516,7.97E-18,5.84E-15,1.11E-09,5000,5.14E-11
517,1.02E-17,7.33E-15,1.28E-09,5000,5.90E-11
518,1.31E-17,9.20E-15,1.47E-09,5000,6.80E-11
519,1.68E-17,1.16E-14,1.70E-09,5000,7.84E-11
520,2.16E-17,1.46E-14,1.97E-09,5000,9.07E-11
521,2.78E-17,1.84E-14,2.29E-09,5000,1.05E-10
522,3.58E-17,2.32E-14,2.67E-09,5000,1.22E-10
523,4.61E-17,2.94E-14,3.12E-09,5000,1.43E-10
524,5.96E-17,3.73E-14,3.66E-09,5000,1.67E-10
525,7.73E-17,4.75E-14,4.32E-09,5000,1.97E-10
526,1.01E-16,6.08E-14,5.12E-09,5000,2.34E-10
527,1.31E-16,7.82E-14,6.10E-09,5000,2.78E-10
528,1.73E-16,1.01E-13,7.34E-09,5000,3.34E-10
529,2.29E-16,1.32E-13,8.90E-09,5000,4.05E-10
530,3.06E-16,1.74E-13,1.09E-08,5000,4.96E-10
531,4.14E-16,2.32E-13,1.36E-08,5000,6.16E-10
532,5.69E-16,3.14E-13,1.72E-08,5000,7.79E-10
533,7.99E-16,4.36E-13,2.23E-08,5000,1.01E-09
534,1.16E-15,6.24E-13,2.99E-08,5000,1.35E-09
535,1.76E-15,9.37E-13,4.21E-08,5000,1.90E-09
536,2.47E-15,1.53E-12,6.45E-08,5000,2.91E-09
537,-3.71E-11,9.81E-11,4.57E-06,5000,2.06E-07
538,-6.99E-10,5.45E-09,2.07E-04,4999.999,9.32E-06
539,2.93E-09,2.73E-08,9.42E-04,4999.998,4.23E-05
540,2.47E-08,6.74E-08,0.00215,4999.995,9.67E-05
541,8.38E-08,1.28E-07,0.0038,4999.99,1.70E-04
542,2.09E-07,2.13E-07,0.00592,4999.985,2.65E-04
543,4.45E-07,3.30E-07,0.0086,4999.979,3.85E-04
544,8.59E-07,4.89E-07,0.01196,4999.971,5.34E-04
545,1.55E-06,7.03E-07,0.01613,4999.961,7.20E-04
546,2.66E-06,9.85E-07,0.02118,4999.949,9.44E-04
547,4.43E-06,1.37E-06,0.02756,4999.934,0.00123
548,7.17E-06,1.87E-06,0.03539,4999.916,0.00157
549,1.13E-05,2.54E-06,0.04498,4999.894,0.002
550,1.75E-05,3.42E-06,0.05667,4999.868,0.00252
551,2.66E-05,4.57E-06,0.07085,4999.837,0.00314
552,3.98E-05,6.08E-06,0.08797,4999.799,0.0039
553,5.86E-05,8.02E-06,0.10851,4999.754,0.0048
554,8.50E-05,1.05E-05,0.13299,4999.701,0.00588
555,1.22E-04,1.38E-05,0.16194,4999.64,0.00715
556,1.71E-04,1.78E-05,0.19589,4999.568,0.00864
557,2.38E-04,2.30E-05,0.23528,4999.486,0.01037
558,3.25E-04,2.94E-05,0.2805,4999.393,0.01235
559,4.37E-04,3.72E-05,0.33172,4999.288,0.01459
560,5.77E-04,4.67E-05,0.3889,4999.173,0.01709
561,7.50E-04,5.79E-05,0.45169,4999.048,0.01983
562,9.55E-04,7.09E-05,0.5194,4998.916,0.02278
563,0.00119,8.56E-05,0.59091,4998.777,0.0259
564,0.00146,1.02E-04,0.66473,4998.637,0.0291
565,0.00175,1.19E-04,0.73902,4998.499,0.03232
566,0.00205,1.37E-04,0.8117,4998.366,0.03547
567,0.00236,1.55E-04,0.88059,4998.244,0.03844
568,0.00265,1.73E-04,0.9436,4998.136,0.04115
569,0.00291,1.88E-04,0.99889,4998.045,0.04351
570,0.00313,2.02E-04,1.04505,4997.974,0.04547
571,0.00331,2.13E-04,1.08112,4997.923,0.04699
572,0.00342,2.21E-04,1.10678,4997.894,0.04805
573,0.00349,2.27E-04,1.12219,4997.884,0.04866
574,0.0035,2.29E-04,1.12798,4997.893,0.04885
575,0.00346,2.28E-04,1.1251,4997.918,0.04866
576,0.00337,2.25E-04,1.11471,4997.957,0.04815
577,0.00325,2.21E-04,1.09809,4998.006,0.04737
578,0.00311,2.14E-04,1.07651,4998.064,0.04638
579,0.00295,2.07E-04,1.05115,4998.127,0.04522
580,0.00278,1.98E-04,1.0231,4998.194,0.04396
581,0.0026,1.89E-04,0.99332,4998.262,0.04262
582,0.00242,1.80E-04,0.96254,4998.332,0.04124
583,0.00225,1.72E-04,0.93143,4998.4,0.03985
584,0.00208,1.63E-04,0.9005,4998.467,0.03847
585,0.00192,1.54E-04,0.87012,4998.532,0.03711
586,0.00176,1.46E-04,0.8406,4998.595,0.0358
587,0.00162,1.38E-04,0.81213,4998.654,0.03453
588,0.00149,1.31E-04,0.78485,4998.711,0.03332
589,0.00137,1.24E-04,0.75885,4998.765,0.03217
590,0.00125,1.18E-04,0.73417,4998.815,0.03107
591,0.00115,1.12E-04,0.71082,4998.863,0.03003
592,0.00105,1.07E-04,0.6888,4998.907,0.02905
593,9.66E-04,1.02E-04,0.66806,4998.949,0.02813
594,8.86E-04,9.73E-05,0.64856,4998.988,0.02727
595,8.12E-04,9.31E-05,0.63028,4999.025,0.02645
596,7.46E-04,8.92E-05,0.61314,4999.059,0.02569
597,6.85E-04,8.57E-05,0.59709,4999.091,0.02497
598,6.29E-04,8.25E-05,0.58207,4999.121,0.0243
599,5.79E-04,7.96E-05,0.56803,4999.149,0.02367
600,5.32E-04,7.69E-05,0.5549,4999.175,0.02308
601,4.90E-04,7.46E-05,0.54262,4999.199,0.02253
602,4.52E-04,7.24E-05,0.53116,4999.222,0.02201
603,4.17E-04,7.05E-05,0.52045,4999.243,0.02153
604,3.84E-04,6.88E-05,0.51044,4999.263,0.02108
605,3.55E-04,6.73E-05,0.5011,4999.282,0.02065
606,3.28E-04,6.60E-05,0.49239,4999.3,0.02025
607,3.03E-04,6.49E-05,0.48425,4999.316,0.01988
608,2.81E-04,6.39E-05,0.47665,4999.331,0.01953
609,2.60E-04,6.32E-05,0.46957,4999.346,0.0192
610,2.41E-04,6.25E-05,0.46296,4999.359,0.01889
611,2.23E-04,6.21E-05,0.4568,4999.372,0.0186
612,2.07E-04,6.18E-05,0.45106,4999.384,0.01832
613,1.92E-04,6.16E-05,0.4457,4999.395,0.01807
614,1.78E-04,6.16E-05,0.44072,4999.406,0.01783
615,1.66E-04,6.17E-05,0.43608,4999.416,0.0176
616,1.54E-04,6.20E-05,0.43177,4999.425,0.01739
617,1.43E-04,6.24E-05,0.42776,4999.434,0.01719
618,1.33E-04,6.29E-05,0.42404,4999.442,0.017
619,1.24E-04,6.36E-05,0.42058,4999.45,0.01682
620,1.16E-04,6.44E-05,0.41738,4999.457,0.01665
621,1.08E-04,6.54E-05,0.41442,4999.464,0.0165
622,1.01E-04,6.65E-05,0.41168,4999.47,0.01635
623,9.38E-05,6.77E-05,0.40915,4999.476,0.01621
624,8.76E-05,6.91E-05,0.40683,4999.482,0.01608
625,8.17E-05,7.06E-05,0.40469,4999.487,0.01595
626,7.63E-05,7.24E-05,0.40273,4999.492,0.01584
627,7.13E-05,7.42E-05,0.40095,4999.497,0.01573
628,6.66E-05,7.62E-05,0.39932,4999.501,0.01562
629,6.23E-05,7.84E-05,0.39784,4999.506,0.01553
630,5.82E-05,8.08E-05,0.39651,4999.509,0.01543
631,5.44E-05,8.33E-05,0.39531,4999.513,0.01535
632,5.09E-05,8.60E-05,0.39425,4999.517,0.01526
633,4.77E-05,8.89E-05,0.39331,4999.52,0.01519
634,4.46E-05,9.20E-05,0.39249,4999.523,0.01511
635,4.18E-05,9.53E-05,0.39178,4999.526,0.01505
636,3.91E-05,9.88E-05,0.39119,4999.528,0.01498
637,3.67E-05,1.03E-04,0.39069,4999.531,0.01492
638,3.44E-05,1.07E-04,0.39031,4999.533,0.01486
639,3.22E-05,1.11E-04,0.39002,4999.535,0.01481
640,3.02E-05,1.15E-04,0.38983,4999.537,0.01476
641,2.83E-05,1.20E-04,0.38973,4999.539,0.01471
642,2.66E-05,1.25E-04,0.38973,4999.54,0.01467
643,2.49E-05,1.30E-04,0.38981,4999.542,0.01463
644,2.34E-05,1.35E-04,0.38999,4999.543,0.01459
645,2.20E-05,1.41E-04,0.39026,4999.544,0.01456
646,2.07E-05,1.47E-04,0.39063,4999.545,0.01453
647,1.94E-05,1.54E-04,0.39108,4999.546,0.0145
648,1.83E-05,1.60E-04,0.39163,4999.547,0.01447
649,1.72E-05,1.67E-04,0.39228,4999.547,0.01445
650,1.62E-05,1.75E-04,0.39303,4999.548,0.01443
651,1.52E-05,1.83E-04,0.39388,4999.548,0.01442
652,1.43E-05,1.91E-04,0.39484,4999.548,0.01441
653,1.35E-05,1.99E-04,0.39591,4999.548,0.0144
654,1.27E-05,2.08E-04,0.3971,4999.548,0.0144
655,1.20E-05,2.18E-04,0.39841,4999.547,0.0144
656,1.13E-05,2.28E-04,0.39986,4999.547,0.0144
657,1.07E-05,2.39E-04,0.40146,4999.546,0.01441
658,1.01E-05,2.50E-04,0.4032,4999.545,0.01442
659,9.59E-06,2.61E-04,0.40511,4999.544,0.01444
660,9.08E-06,2.74E-04,0.4072,4999.543,0.01447
661,8.61E-06,2.86E-04,0.40947,4999.541,0.0145
662,8.17E-06,3.00E-04,0.41196,4999.539,0.01453
663,7.77E-06,3.15E-04,0.41466,4999.537,0.01458
664,7.39E-06,3.30E-04,0.41761,4999.535,0.01463
665,7.04E-06,3.46E-04,0.42082,4999.532,0.01469
666,6.72E-06,3.63E-04,0.42431,4999.529,0.01476
667,6.42E-06,3.81E-04,0.42811,4999.525,0.01484
668,6.14E-06,4.00E-04,0.43225,4999.522,0.01492
669,5.89E-06,4.21E-04,0.43676,4999.518,0.01502
670,5.66E-06,4.43E-04,0.44166,4999.513,0.01514
671,5.44E-06,4.66E-04,0.447,4999.508,0.01526
672,5.25E-06,4.91E-04,0.45281,4999.502,0.0154
673,5.07E-06,5.17E-04,0.45913,4999.496,0.01556
674,4.92E-06,5.46E-04,0.46602,4999.489,0.01573
675,4.77E-06,5.77E-04,0.47351,4999.482,0.01593
676,4.65E-06,6.10E-04,0.48166,4999.473,0.01614
677,4.54E-06,6.46E-04,0.49054,4999.464,0.01637
678,4.44E-06,6.84E-04,0.5002,4999.454,0.01663
679,4.36E-06,7.26E-04,0.51071,4999.444,0.01691
680,4.29E-06,7.71E-04,0.52215,4999.432,0.01723
681,4.24E-06,8.21E-04,0.5346,4999.419,0.01757
682,4.20E-06,8.74E-04,0.54815,4999.405,0.01794
683,4.18E-06,9.33E-04,0.56289,4999.39,0.01835
684,4.17E-06,9.97E-04,0.57892,4999.373,0.0188
685,4.17E-06,0.00107,0.59636,4999.354,0.01929
686,4.19E-06,0.00115,0.61533,4999.335,0.01982
687,4.23E-06,0.00123,0.63597,4999.313,0.02041
688,4.27E-06,0.00132,0.6584,4999.289,0.02104
689,4.34E-06,0.00143,0.6828,4999.264,0.02173
690,4.42E-06,0.00154,0.70932,4999.236,0.02249
691,4.52E-06,0.00167,0.73815,4999.205,0.02331
692,4.64E-06,0.00181,0.76946,4999.172,0.0242
693,4.78E-06,0.00196,0.80352,4999.136,0.02517
694,4.94E-06,0.00213,0.84052,4999.097,0.02622
695,5.12E-06,0.00232,0.88073,4999.054,0.02736
696,5.32E-06,0.00253,0.92442,4999.008,0.0286
697,5.56E-06,0.00277,0.97188,4998.958,0.02995
698,5.82E-06,0.00303,1.02345,4998.903,0.03141
699,6.11E-06,0.00332,1.07945,4998.844,0.033
700,6.44E-06,0.00365,1.14028,4998.779,0.03471
701,6.80E-06,0.00401,1.20634,4998.709,0.03658
702,7.21E-06,0.00442,1.27809,4998.633,0.0386
703,7.66E-06,0.00487,1.356,4998.55,0.04079
704,8.16E-06,0.00538,1.44059,4998.461,0.04316
705,8.71E-06,0.00595,1.53244,4998.363,0.04573
706,9.33E-06,0.00658,1.63217,4998.257,0.04852
707,1.00E-05,0.00729,1.74044,4998.142,0.05154
708,1.08E-05,0.00808,1.85797,4998.017,0.05481
709,1.16E-05,0.00897,1.98556,4997.882,0.05835
710,1.26E-05,0.00996,2.12406,4997.735,0.06218
711,1.36E-05,0.01107,2.27435,4997.575,0.06634
712,1.47E-05,0.01231,2.43752,4997.402,0.07084
713,1.60E-05,0.0137,2.61462,4997.213,0.07571
714,1.75E-05,0.01526,2.80684,4997.009,0.08099
715,1.90E-05,0.017,3.01545,4996.787,0.08671
716,2.08E-05,0.01895,3.24186,4996.546,0.09291
717,2.28E-05,0.02114,3.48756,4996.285,0.09963
718,2.50E-05,0.02358,3.75422,4996.001,0.1069
719,2.75E-05,0.02632,4.04359,4995.693,0.11479
720,3.02E-05,0.02938,4.35763,4995.358,0.12334
721,3.33E-05,0.03281,4.69843,4994.995,0.13261
722,3.68E-05,0.03665,5.06826,4994.601,0.14266
723,4.08E-05,0.04095,5.4696,4994.172,0.15357
724,4.52E-05,0.04575,5.90515,4993.708,0.1654
725,5.02E-05,0.05113,6.3778,4993.203,0.17825
726,5.59E-05,0.05715,6.89074,4992.655,0.19219
727,6.24E-05,0.06388,7.44741,4992.06,0.20733
728,6.98E-05,0.07141,8.05153,4991.414,0.22379
729,7.82E-05,0.07984,8.70718,4990.712,0.24167
730,8.79E-05,0.08927,9.41875,4989.949,0.26111
731,9.90E-05,0.09981,10.19103,4989.121,0.28227
732,1.12E-04,0.11161,11.02924,4988.221,0.30529
733,1.27E-04,0.1248,11.93901,4987.244,0.33037
734,1.44E-04,0.13957,12.92648,4986.182,0.35768
735,1.64E-04,0.15608,13.99831,4985.028,0.38746
736,1.88E-04,0.17455,15.16175,4983.774,0.41995
737,2.15E-04,0.19521,16.42464,4982.411,0.45541
738,2.48E-04,0.21832,17.79552,4980.93,0.49413
739,2.86E-04,0.24418,19.28365,4979.319,0.53646
740,3.31E-04,0.27312,20.89909,4977.568,0.58275
741,3.85E-04,0.30549,22.65273,4975.664,0.63342
742,4.50E-04,0.34173,24.55642,4973.593,0.68891
743,5.27E-04,0.38229,26.62297,4971.341,0.74974
744,6.20E-04,0.42769,28.86631,4968.891,0.81647
745,7.32E-04,0.47853,31.3015,4966.225,0.88974
746,8.67E-04,0.53548,33.94487,4963.325,0.97025
747,0.00103,0.59927,36.81409,4960.169,1.05878
748,0.00123,0.67076,39.92827,4956.734,1.15623
749,0.00147,0.75091,43.30809,4952.995,1.26357
750,0.00176,0.84078,46.97587,4948.923,1.38191
751,0.00212,0.94162,50.95573,4944.49,1.5125
752,0.00257,1.05481,55.27365,4939.663,1.65672
753,0.00311,1.18192,59.95763,4934.404,1.81612
754,0.00377,1.32476,65.03783,4928.675,1.99244
755,0.00459,1.48536,70.54663,4922.434,2.18765
756,0.0056,1.66607,76.51882,4915.631,2.40391
757,0.00685,1.86953,82.99167,4908.217,2.64369
758,0.00839,2.09881,90.0051,4900.133,2.90972
759,0.0103,2.3574,97.60175,4891.319,3.20507
760,0.01267,2.6493,105.8271,4881.705,3.53318
761,0.01562,2.97915,114.7296,4871.217,3.89789
762,0.01927,3.35224,124.3608,4859.771,4.30347
763,0.02382,3.77472,134.7753,4847.276,4.75472
764,0.02949,4.25366,146.0308,4833.632,5.25696
765,0.03655,4.79728,158.1885,4818.726,5.81614
766,0.04537,5.41508,171.3128,4802.434,6.43887
767,0.05638,6.11809,185.4713,4784.618,7.1325
768,0.07014,6.91914,200.735,4765.122,7.90517
769,0.08737,7.83319,217.1784,4743.772,8.76594
770,0.10894,8.87765,234.879,4720.373,9.7248
771,0.136,10.07291,253.9178,4694.702,10.79282
772,0.16996,11.44282,274.3788,4666.505,11.98222
773,0.21265,13.0154,296.3486,4635.491,13.30647
774,0.26637,14.8236,319.9166,4601.324,14.78035
775,0.33409,16.90635,345.1734,4563.613,16.42009
776,0.4196,19.30977,372.2103,4521.899,18.24339
777,0.52781,22.08866,401.1165,4475.643,20.26942
778,0.66506,25.3085,431.9754,4424.2,22.51872
779,0.83968,29.04769,464.8584,4366.8,25.01289
780,1.06258,33.40044,499.814,4302.513,27.77389
781,1.3482,38.47989,536.8488,4230.217,30.82265
782,1.71574,44.42126,575.897,4148.558,34.17642
783,2.1907,51.38358,616.7672,4055.925,37.84393
784,2.80677,59.54702,659.0558,3950.466,41.8166
785,3.60718,69.09871,702.012,3830.212,46.05377
786,4.64412,80.19419,744.3508,3693.454,50.45997
787,5.97206,92.87729,784.0719,3539.56,54.85773
788,7.6302,106.957,818.4839,3370.274,58.97482
789,9.61481,121.9075,844.7453,3190.876,62.48414
790,11.86118,136.9346,860.9662,3009.65,65.11591
791,14.26025,151.2478,867.0653,2835.118,66.77061
792,16.70139,164.3277,864.5532,2673.129,67.52899
793,19.10396,175.9832,855.5847,2526.082,67.56878
794,21.42242,186.2493,842.178,2393.887,67.0797
795,23.63639,195.2601,825.8947,2275.293,66.21954
796,25.74104,203.1822,807.857,2168.609,65.10836
797,27.73897,210.172,788.8285,2072.193,63.83177
798,29.63612,216.3652,769.322,1984.584,62.44994
799,31.43955,221.8755,749.6793,1904.538,61.00493
800,33.15634,226.7962,730.127,1831.013,59.52616
801,34.79314,231.2039,710.8147,1763.145,58.03424
802,36.35594,235.1613,691.8398,1700.214,56.54367
803,37.85008,238.7202,673.2646,1641.619,55.06466
804,39.28043,241.9245,655.1254,1586.848,53.60428
805,40.65073,244.8077,637.4468,1535.497,52.16768
806,41.96479,247.4013,620.2372,1487.193,50.7582
807,43.22581,249.7306,603.4987,1441.628,49.37813
808,44.43656,251.8174,587.2281,1398.538,48.02891
809,45.59951,253.6804,571.4186,1357.694,46.71141
810,46.71685,255.3357,556.0609,1318.896,45.42604
811,47.79051,256.7974,541.1441,1281.971,44.17289
812,48.82224,258.0779,526.6564,1246.766,42.9518
813,49.81359,259.188,512.5855,1213.146,41.76246
814,50.76598,260.1374,498.9188,1180.991,40.60441
815,51.68069,260.9349,485.6437,1150.196,39.47713
816,52.55888,261.5883,472.7479,1120.665,38.38
817,53.40164,262.1046,460.2191,1092.312,37.31239
818,54.20994,262.4904,448.0455,1065.063,36.27363
819,54.98472,262.7515,436.2157,1038.845,35.26303
820,55.72684,262.8935,424.7186,1013.599,34.27992
821,56.43709,262.9214,413.5434,989.2648,33.32359
822,57.11625,262.8399,402.6799,965.792,32.39338
823,57.76504,262.6537,392.1182,943.1329,31.48859
824,58.38415,262.3668,381.8489,921.2437,30.60858
825,58.97423,261.9833,371.8627,900.0846,29.75268
826,59.53593,261.5069,362.151,879.6187,28.92027
827,60.06986,260.9413,352.7053,859.8119,28.11071
828,60.57661,260.29,343.5177,840.6328,27.32342
829,61.05677,259.5564,334.5803,822.0522,26.55779
830,61.51089,258.7436,325.8857,804.0431,25.81324
831,61.93954,257.8548,317.4268,786.58,25.08923
832,62.34324,256.8931,309.1967,769.6396,24.3852
833,62.72252,255.8614,301.1887,753.1999,23.70063
834,63.07792,254.7626,293.3966,737.2401,23.035
835,63.40994,253.5995,285.8142,721.741,22.3878
836,63.71908,252.3749,278.4355,706.6845,21.75856
837,64.00585,251.0914,271.2549,692.0534,21.14679
838,64.27072,249.7517,264.2668,677.8317,20.55204
839,64.51419,248.3584,257.466,664.0042,19.97385
840,64.73674,246.9139,250.8473,650.5565,19.41179
841,64.93882,245.4208,244.4057,637.4751,18.86544
842,65.12091,243.8815,238.1365,624.747,18.33436
843,65.28347,242.2983,232.0349,612.3601,17.81818
844,65.42693,240.6737,226.0965,600.3028,17.31648
845,65.55176,239.0098,220.317,588.564,16.82889
846,65.65839,237.3089,214.692,577.1332,16.35504
847,65.74724,235.5733,209.2175,566.0004,15.89455
848,65.81875,233.805,203.8895,555.1561,15.44708
849,65.87334,232.0062,198.7041,544.5911,15.01229
850,65.9114,230.179,193.6576,534.2967,14.58982
851,65.93335,228.3253,188.7463,524.2645,14.17936
852,65.93959,226.4472,183.9667,514.4866,13.78058
853,65.9305,224.5465,179.3154,504.9553,13.39318
854,65.90647,222.6252,174.7889,495.6633,13.01685
855,65.86787,220.6851,170.3841,486.6034,12.65128
856,65.81506,218.7279,166.0977,477.7689,12.2962
857,65.74841,216.7555,161.9267,469.1533,11.95131
858,65.66827,214.7694,157.868,460.7502,11.61635
859,65.57499,212.7714,153.9188,452.5537,11.29104
860,65.46889,210.763,150.0761,444.5579,10.97512
861,65.35031,208.7458,146.3372,436.7572,10.66833
862,65.21957,206.7213,142.6994,429.1462,10.37043
863,65.07698,204.691,139.16,421.7195,10.08117
864,64.92285,202.6562,135.7164,414.4722,9.80032
865,64.75748,200.6182,132.3661,407.3993,9.52763
866,64.58115,198.5785,129.1067,400.4962,9.26289
867,64.39416,196.5383,125.9358,393.7581,9.00587
868,64.19678,194.4987,122.851,387.1807,8.75636
869,63.98927,192.461,119.8501,380.7597,8.51415
870,63.77191,190.4261,116.9307,374.4908,8.27903
871,63.54495,188.3953,114.0908,368.3701,8.0508
872,63.30863,186.3695,111.3282,362.3935,7.82926
873,63.0632,184.3496,108.6409,356.5573,7.61423
874,62.80891,182.3366,106.0267,350.8577,7.40552
875,62.54597,180.3314,103.4838,345.2911,7.20295
876,62.27462,178.3348,101.0102,339.8539,7.00634
877,61.99507,176.3475,98.60402,334.5428,6.81552
878,61.70754,174.3703,96.26339,329.3545,6.63031
879,61.41224,172.4039,93.98653,324.2856,6.45056
880,61.10937,170.4489,91.77167,319.333,6.27611
881,60.79913,168.5059,89.61711,314.4936,6.10679
882,60.48171,166.5755,87.52116,309.7644,5.94247
883,60.15731,164.6582,85.48219,305.1425,5.78298
884,59.8261,162.7544,83.49859,300.625,5.62818
885,59.48828,160.8646,81.56881,296.2091,5.47794
886,59.14401,158.9892,79.69133,291.892,5.33212
887,58.79347,157.1286,77.86465,287.6711,5.19057
888,58.43683,155.283,76.08733,283.5438,5.05319
889,58.07425,153.4527,74.35795,279.5076,4.91982
890,57.70589,151.6381,72.67512,275.5599,4.79036
891,57.33192,149.8392,71.03751,271.6983,4.66468
892,56.95249,148.0564,69.4438,267.9205,4.54267
893,56.56775,146.2897,67.8927,264.2241,4.42421
894,56.17784,144.5393,66.38296,260.6068,4.30919
895,55.78293,142.8052,64.91338,257.0664,4.19751
896,55.38313,141.0875,63.48276,253.6008,4.08905
897,54.97861,139.3864,62.08995,250.2078,3.98372
898,54.56949,137.7016,60.73382,246.8853,3.88142
899,54.15592,136.0334,59.41328,243.6314,3.78206
900,53.73801,134.3816,58.12725,240.4439,3.68553
901,53.31591,132.7461,56.87471,237.321,3.59176
902,52.88974,131.127,55.65464,234.2608,3.50064
903,52.45963,129.5241,54.46606,231.2614,3.4121
904,52.02569,127.9372,53.30802,228.321,3.32606
905,51.58805,126.3663,52.17957,225.4378,3.24243
906,51.14684,124.8113,51.07983,222.61,3.16113
907,50.70216,123.2719,50.00791,219.836,3.0821
908,50.25412,121.7479,48.96296,217.1141,3.00525
909,49.80286,120.2393,47.94415,214.4427,2.93051
910,49.34847,118.7458,46.95068,211.8201,2.85783
911,48.89106,117.2672,45.98177,209.2449,2.78712
912,48.43075,115.8032,45.03666,206.7154,2.71833
913,47.96763,114.3537,44.11462,204.2303,2.65139
914,47.50182,112.9185,43.21493,201.7881,2.58625
915,47.03343,111.4972,42.3369,199.3873,2.52284
916,46.56254,110.0896,41.47986,197.0266,2.46111
917,46.08926,108.6956,40.64317,194.7046,2.401
918,45.6137,107.3148,39.82619,192.4201,2.34246
919,45.13595,105.947,39.02831,190.1716,2.28544
920,44.65612,104.592,38.24895,187.958,2.2299
921,44.17429,103.2494,37.48754,185.778,2.17577
922,43.69057,101.9191,36.74351,183.6305,2.12302
923,43.20505,100.6007,36.01635,181.5143,2.0716
924,42.71783,99.29401,35.30552,179.4282,2.02147
925,42.22901,97.9988,34.61053,177.3712,1.97259
926,41.73867,96.71479,33.9309,175.3421,1.92491
927,41.24693,95.44174,33.26616,173.3399,1.8784
928,40.75386,94.1794,32.61585,171.3637,1.83303
929,40.25957,92.92752,31.97954,169.4123,1.78874
930,39.76415,91.68588,31.35682,167.4849,1.74552
931,39.26771,90.45423,30.74726,165.5805,1.70333
932,38.77032,89.23234,30.15048,163.6982,1.66213
933,38.2721,88.02,29.56611,161.8371,1.6219
934,37.77314,86.81699,28.99377,159.9964,1.5826
935,37.27354,85.6231,28.43311,158.1752,1.5442
936,36.77339,84.43812,27.88379,156.3728,1.50669
937,36.2728,83.26187,27.34549,154.5882,1.47003
938,35.77187,82.09414,26.81789,152.8209,1.43419
939,35.27069,80.93476,26.30068,151.0701,1.39915
940,34.76938,79.78355,25.79358,149.335,1.3649
941,34.26804,78.64036,25.29629,147.615,1.3314
942,33.76678,77.50502,24.80855,145.9094,1.29863
943,33.26569,76.37738,24.33009,144.2176,1.26657
944,32.76489,75.25731,23.86067,142.5391,1.23521
945,32.26449,74.14468,23.40005,140.8731,1.20453
946,31.76461,73.03936,22.94798,139.2193,1.1745
947,31.26535,71.94124,22.50425,137.577,1.1451
948,30.76683,70.85022,22.06864,135.9457,1.11633
949,30.26917,69.76621,21.64095,134.325,1.08816
950,29.77248,68.68912,21.22097,132.7143,1.06059
951,29.27689,67.61887,20.80852,131.1134,1.03358
952,28.78252,66.55541,20.40341,129.5216,1.00714
953,28.28949,65.49867,20.00548,127.9388,0.98124
954,27.79792,64.44862,19.61454,126.3644,0.95588
955,27.30795,63.40521,19.23045,124.7983,0.93104
956,26.81971,62.36842,18.85304,123.24,0.90671
957,26.33332,61.33824,18.48217,121.6892,0.88288
958,25.84891,60.31465,18.11769,120.1457,0.85953
959,25.36663,59.29766,17.75948,118.6093,0.83666
960,24.88659,58.28727,17.40739,117.0797,0.81426
961,24.40895,57.28352,17.06131,115.5568,0.79232
962,23.93384,56.28643,16.72112,114.0403,0.77083
963,23.4614,55.29604,16.3867,112.5301,0.74977
964,22.99176,54.31239,16.05795,111.0261,0.72915
965,22.52506,53.33555,15.73475,109.5282,0.70895
966,22.06146,52.36558,15.41702,108.0362,0.68917
967,21.60109,51.40255,15.10465,106.5502,0.6698
968,21.14408,50.44654,14.79755,105.0701,0.65084
969,20.69059,49.49764,14.49564,103.5959,0.63226
970,20.24076,48.55595,14.19884,102.1276,0.61408
971,19.79472,47.62157,13.90706,100.6652,0.59629
972,19.35262,46.69461,13.62022,99.20874,0.57887
973,18.9146,45.77519,13.33825,97.75833,0.56182
974,18.4808,44.86342,13.06109,96.31404,0.54515
975,18.05135,43.95944,12.78867,94.87599,0.52883
976,17.62639,43.06338,12.52091,93.4443,0.51288
977,17.20605,42.17536,12.25777,92.01911,0.49727
978,16.79047,41.29555,11.99917,90.60059,0.48202
979,16.37978,40.42407,11.74506,89.18893,0.46711
980,15.97409,39.56108,11.49539,87.7843,0.45254
981,15.57354,38.70672,11.2501,86.38694,0.4383
982,15.17824,37.86116,11.00913,84.99706,0.4244
983,14.78831,37.02453,10.77245,83.61489,0.41083
984,14.40385,36.197,10.53999,82.2407,0.39757
985,14.02499,35.37872,10.31171,80.87475,0.38464
986,13.6518,34.56984,10.08757,79.51729,0.37202
987,13.2844,33.77052,9.86751,78.16863,0.35972
988,12.92288,32.9809,9.65149,76.82904,0.34772
989,12.56731,32.20114,9.43947,75.49882,0.33603
990,12.21778,31.43137,9.2314,74.17826,0.32463
991,11.87436,30.67174,9.02724,72.86768,0.31354
992,11.53712,29.92239,8.82695,71.56738,0.30273
993,11.20611,29.18346,8.63047,70.27767,0.29221
994,10.88139,28.45506,8.43778,68.99885,0.28198
995,10.563,27.73732,8.24882,67.73123,0.27203
996,10.25099,27.03035,8.06355,66.47512,0.26235
997,9.94538,26.33426,7.88193,65.2308,0.25295
998,9.64619,25.64916,7.70391,63.99859,0.24381
999,9.35345,24.97514,7.52946,62.77876,0.23494
1000,9.06716,24.31228,7.35852,61.5716,0.22632
1001,8.78732,23.66066,7.19105,60.37738,0.21797
1002,8.51393,23.02034,7.02702,59.19637,0.20986
1003,8.24697,22.3914,6.86637,58.02881,0.202
1004,7.98643,21.77386,6.70905,56.87495,0.19438
1005,7.73227,21.16779,6.55503,55.73501,0.18699
1006,7.48447,20.5732,6.40425,54.60922,0.17984
1007,7.24298,19.99012,6.25667,53.49778,0.17292
1008,7.00775,19.41856,6.11225,52.40088,0.16622
1009,6.77873,18.85853,5.97093,51.31869,0.15974
1010,6.55587,18.31001,5.83267,50.25138,0.15347
1011,6.33909,17.77299,5.69742,49.19908,0.14741
1012,6.12834,17.24744,5.56513,48.16193,0.14156
1013,5.92352,16.73332,5.43575,47.14005,0.1359
1014,5.72457,16.2306,5.30924,46.13353,0.13044
1015,5.53139,15.73922,5.18554,45.14246,0.12517
1016,5.3439,15.2591,5.06462,44.16691,0.12009
1017,5.16202,14.7902,4.94641,43.20692,0.11518
1018,4.98563,14.33241,4.83087,42.26255,0.11045
1019,4.81465,13.88567,4.71796,41.3338,0.10589
1020,4.64897,13.44987,4.60762,40.4207,0.1015
1021,4.48849,13.02491,4.4998,39.52323,0.09727
1022,4.33311,12.61068,4.39446,38.64139,0.0932
1023,4.18271,12.20707,4.29156,37.77513,0.08928
1024,4.03719,11.81395,4.19103,36.92441,0.0855
1025,3.89644,11.43121,4.09284,36.08918,0.08187
1026,3.76034,11.0587,3.99694,35.26937,0.07838
1027,3.62879,10.69628,3.90328,34.4649,0.07503
1028,3.50167,10.34383,3.81181,33.67567,0.0718
1029,3.37888,10.00118,3.7225,32.9016,0.0687
1030,3.26029,9.66818,3.63529,32.14257,0.06572
1031,3.1458,9.34469,3.55014,31.39847,0.06287
1032,3.03531,9.03054,3.46701,30.66916,0.06012
1033,2.92868,8.72558,3.38586,29.95451,0.05749
1034,2.82583,8.42963,3.30664,29.25439,0.05496
1035,2.72663,8.14253,3.22931,28.56864,0.05254
1036,2.63099,7.86412,3.15383,27.8971,0.05021
1037,2.5388,7.59421,3.08016,27.23963,0.04798
1038,2.44995,7.33265,3.00825,26.59605,0.04585
1039,2.36434,7.07925,2.93808,25.96619,0.0438
1040,2.28186,6.83385,2.8696,25.34988,0.04184
1041,2.20243,6.59626,2.80278,24.74694,0.03996
1042,2.12594,6.36631,2.73757,24.15718,0.03816
1043,2.0523,6.14383,2.67394,23.58043,0.03644
1044,1.98141,5.92863,2.61186,23.0165,0.0348
1045,1.91319,5.72056,2.55128,22.46519,0.03322
1046,1.84753,5.51942,2.49219,21.92631,0.03171
1047,1.78436,5.32504,2.43454,21.39967,0.03027
1048,1.72359,5.13726,2.37829,20.88508,0.02889
1049,1.66514,4.95589,2.32343,20.38233,0.02757
1050,1.60891,4.78077,2.26991,19.89123,0.02631
1051,1.55485,4.61173,2.2177,19.41158,0.0251
1052,1.50286,4.44859,2.16678,18.94318,0.02395
1053,1.45288,4.2912,2.11712,18.48584,0.02285
1054,1.40482,4.13939,2.06868,18.03935,0.0218
1055,1.35862,3.99298,2.02144,17.60352,0.0208
1056,1.31422,3.85184,1.97537,17.17815,0.01984
1057,1.27153,3.71578,1.93044,16.76304,0.01892
1058,1.23051,3.58467,1.88663,16.358,0.01805
1059,1.19108,3.45833,1.84391,15.96282,0.01722
1060,1.15319,3.33664,1.80226,15.57731,0.01642
1061,1.11677,3.21942,1.76164,15.20129,0.01566
1062,1.08177,3.10655,1.72204,14.83455,0.01494
1063,1.04813,2.99787,1.68343,14.4769,0.01425
1064,1.0158,2.89325,1.64578,14.12816,0.01359
1065,0.98474,2.79255,1.60908,13.78814,0.01296
1066,0.95488,2.69563,1.5733,13.45665,0.01237
1067,0.92618,2.60237,1.53842,13.1335,0.0118
1068,0.89859,2.51264,1.50442,12.81852,0.01125
1069,0.87207,2.4263,1.47127,12.51152,0.01073
1070,0.84658,2.34325,1.43896,12.21233,0.01024
1071,0.82208,2.26335,1.40746,11.92076,0.00977
1072,0.79852,2.18651,1.37676,11.63664,0.00932
1073,0.77586,2.11259,1.34684,11.3598,0.00889
1074,0.75407,2.0415,1.31767,11.09008,0.00848
1075,0.73312,1.97313,1.28924,10.82729,0.0081
1076,0.71296,1.90738,1.26152,10.57129,0.00773
1077,0.69357,1.84414,1.23451,10.32189,0.00737
1078,0.67491,1.78332,1.20818,10.07895,0.00704
1079,0.65695,1.72483,1.18252,9.84231,0.00672
1080,0.63967,1.66858,1.15751,9.6118,0.00641
1081,0.62303,1.61447,1.13313,9.38729,0.00612
1082,0.60702,1.56243,1.10936,9.16861,0.00585
1083,0.59159,1.51237,1.0862,8.95562,0.00559
1084,0.57673,1.46421,1.06362,8.74818,0.00533
1085,0.56242,1.41789,1.04161,8.54613,0.0051
1086,0.54863,1.37331,1.02016,8.34936,0.00487
1087,0.53533,1.33043,0.99924,8.1577,0.00465
1088,0.52252,1.28915,0.97886,7.97104,0.00445
1089,0.51016,1.24943,0.95898,7.78924,0.00425
1090,0.49824,1.2112,0.93961,7.61217,0.00406
1091,0.48674,1.17439,0.92072,7.43971,0.00388
1092,0.47565,1.13895,0.9023,7.27173,0.00371
1093,0.46494,1.10483,0.88434,7.10811,0.00355
1094,0.4546,1.07196,0.86683,6.94873,0.0034
1095,0.44461,1.0403,0.84976,6.79347,0.00325
1096,0.43496,1.0098,0.8331,6.64223,0.00311
1097,0.42564,0.98041,0.81686,6.49489,0.00298
1098,0.41663,0.95209,0.80103,6.35134,0.00285
1099,0.40792,0.92478,0.78558,6.21149,0.00273
1100,0.3995,0.89846,0.7705,6.07521,0.00261
1101,0.39135,0.87307,0.7558,5.94243,0.0025
1102,0.38346,0.84858,0.74146,5.81303,0.0024
1103,0.37582,0.82496,0.72746,5.68692,0.00229
1104,0.36843,0.80217,0.7138,5.564,0.0022
1105,0.36127,0.78017,0.70047,5.44419,0.00211
1106,0.35432,0.75893,0.68746,5.3274,0.00202
1107,0.3476,0.73842,0.67476,5.21354,0.00194
1108,0.34107,0.71861,0.66237,5.10252,0.00186
1109,0.33474,0.69948,0.65026,4.99427,0.00178
1110,0.3286,0.68099,0.63844,4.8887,0.00171
1111,0.32264,0.66312,0.6269,4.78574,0.00164
1112,0.31686,0.64585,0.61562,4.6853,0.00157
1113,0.31123,0.62914,0.60461,4.58733,0.00151
1114,0.30577,0.61298,0.59385,4.49173,0.00145
1115,0.30046,0.59735,0.58333,4.39845,0.00139
1116,0.29529,0.58222,0.57305,4.30742,0.00134
1117,0.29027,0.56758,0.56301,4.21856,0.00128
1118,0.28538,0.5534,0.55319,4.13182,0.00123
1119,0.28062,0.53967,0.54359,4.04714,0.00118
1120,0.27598,0.52637,0.5342,3.96445,0.00114
1121,0.27146,0.51348,0.52501,3.88369,0.00109
1122,0.26705,0.50099,0.51603,3.8048,0.00105
1123,0.26275,0.48888,0.50724,3.72774,0.00101
1124,0.25856,0.47714,0.49864,3.65245,9.72E-04
1125,0.25447,0.46574,0.49022,3.57886,9.35E-04
1126,0.25047,0.45469,0.48198,3.50695,9.00E-04
1127,0.24657,0.44396,0.47391,3.43664,8.65E-04
1128,0.24275,0.43355,0.466,3.3679,8.33E-04
1129,0.23902,0.42344,0.45826,3.30069,8.01E-04
1130,0.23537,0.41361,0.45067,3.23494,7.71E-04
1131,0.2318,0.40407,0.44324,3.17063,7.42E-04
1132,0.22831,0.39479,0.43595,3.1077,7.15E-04
1133,0.22488,0.38578,0.42881,3.04612,6.88E-04
1134,0.22152,0.37701,0.42181,2.98585,6.63E-04
1135,0.21823,0.36848,0.41494,2.92685,6.38E-04
1136,0.215,0.36019,0.4082,2.86907,6.14E-04
1137,0.21184,0.35211,0.40158,2.81249,5.92E-04
1138,0.20873,0.34425,0.39509,2.75707,5.70E-04
1139,0.20567,0.3366,0.38872,2.70278,5.49E-04
1140,0.20267,0.32915,0.38247,2.64957,5.29E-04
1141,0.19972,0.32188,0.37632,2.59743,5.10E-04
1142,0.19681,0.31481,0.37029,2.54631,4.91E-04
1143,0.19396,0.30791,0.36436,2.49619,4.74E-04
1144,0.19114,0.30118,0.35853,2.44704,4.56E-04
1145,0.18837,0.29462,0.3528,2.39884,4.40E-04
1146,0.18564,0.28822,0.34717,2.35154,4.24E-04
1147,0.18295,0.28197,0.34162,2.30514,4.09E-04
1148,0.1803,0.27588,0.33617,2.25959,3.94E-04
1149,0.17768,0.26992,0.33081,2.21488,3.80E-04
1150,0.17509,0.26411,0.32553,2.17099,3.66E-04
1151,0.17253,0.25843,0.32033,2.12788,3.53E-04
1152,0.17001,0.25288,0.31521,2.08554,3.40E-04
1153,0.16752,0.24746,0.31017,2.04395,3.28E-04
1154,0.16505,0.24215,0.3052,2.00308,3.16E-04
1155,0.16261,0.23696,0.30031,1.96292,3.05E-04
1156,0.16019,0.23189,0.29548,1.92344,2.94E-04
1157,0.1578,0.22692,0.29072,1.88463,2.83E-04
1158,0.15543,0.22206,0.28603,1.84647,2.73E-04
1159,0.15309,0.2173,0.2814,1.80894,2.63E-04
1160,0.15076,0.21264,0.27684,1.77201,2.53E-04
1161,0.14846,0.20808,0.27233,1.73569,2.44E-04
1162,0.14617,0.2036,0.26788,1.69995,2.35E-04
1163,0.1439,0.19922,0.26349,1.66477,2.27E-04
1164,0.14165,0.19492,0.25915,1.63015,2.18E-04
1165,0.13941,0.19071,0.25486,1.59606,2.10E-04
1166,0.13719,0.18657,0.25063,1.5625,2.03E-04
1167,0.13499,0.18252,0.24644,1.52945,1.95E-04
1168,0.1328,0.17854,0.24231,1.4969,1.88E-04
1169,0.13062,0.17463,0.23822,1.46484,1.81E-04
1170,0.12845,0.1708,0.23417,1.43325,1.74E-04
1171,0.1263,0.16704,0.23017,1.40213,1.67E-04
1172,0.12416,0.16334,0.22621,1.37146,1.61E-04
1173,0.12203,0.15971,0.2223,1.34124,1.55E-04
1174,0.11991,0.15614,0.21842,1.31145,1.49E-04
1175,0.11781,0.15263,0.21459,1.2821,1.43E-04
1176,0.11571,0.14918,0.21079,1.25316,1.38E-04
1177,0.11362,0.14579,0.20703,1.22463,1.32E-04
1178,0.11155,0.14246,0.20331,1.19651,1.27E-04
1179,0.10948,0.13918,0.19962,1.1688,1.22E-04
1180,0.10743,0.13596,0.19597,1.14147,1.17E-04
1181,0.10538,0.13279,0.19235,1.11453,1.13E-04
1182,0.10335,0.12967,0.18877,1.08798,1.08E-04
1183,0.10132,0.1266,0.18522,1.06181,1.04E-04
1184,0.0993,0.12358,0.1817,1.03601,9.96E-05
1185,0.0973,0.12061,0.17822,1.01059,9.55E-05
1186,0.0953,0.11769,0.17477,0.98554,9.16E-05
1187,0.09332,0.11482,0.17135,0.96086,8.78E-05
1188,0.09135,0.11199,0.16796,0.93655,8.41E-05
1189,0.08939,0.10921,0.16461,0.91261,8.05E-05
1190,0.08744,0.10648,0.16129,0.88905,7.71E-05
1191,0.08551,0.10379,0.158,0.86585,7.38E-05
1192,0.08359,0.10115,0.15474,0.84303,7.06E-05
1193,0.08168,0.09855,0.15152,0.82059,6.75E-05
1194,0.07979,0.096,0.14834,0.79853,6.45E-05
1195,0.07792,0.0935,0.14519,0.77685,6.17E-05
1196,0.07607,0.09104,0.14208,0.75557,5.89E-05
1197,0.07423,0.08863,0.139,0.73468,5.63E-05
1198,0.07242,0.08626,0.13597,0.71419,5.38E-05
1199,0.07062,0.08395,0.13297,0.69413,5.24E-05
